ID,post_name,post_title,post_date,post_modified
1886,,首頁,"2026-04-09 16:26:23","2026-04-09 16:26:23"
1762,%e6%b8%ac%e8%a9%a6%e9%a0%81%e9%9d%a2,測試頁面,"2026-03-05 11:48:03","2026-04-19 20:33:19"
1689,public,一般民眾,"2026-02-22 10:20:04","2026-04-19 20:33:25"
1533,experienced-farmers,資深農友,"2025-12-28 21:58:46","2026-04-19 20:33:24"
1531,young-farmers,青農,"2025-12-28 21:39:23","2026-04-19 20:33:22"
1529,beginner-farmers,新手務農,"2025-12-28 21:38:33","2026-04-19 20:33:21"
1524,farmer-worker-retirement-calculator,農民、勞工職涯退休金試算小工具,"2025-12-28 21:34:33","2026-04-19 20:33:45"
1507,worker-occupational-accident-calculator,勞工職業災害權益試算,"2025-12-28 21:21:49","2026-04-19 20:33:43"
1489,farmer-study,培力課程,"2025-12-28 16:37:34","2026-04-19 20:33:11"
1476,about,關於我們,"2025-12-28 16:25:28","2026-04-19 20:33:05"
1420,home,首頁,"2025-12-27 23:44:03","2026-04-19 20:33:01"
1405,researchteam,研究團隊,"2025-12-27 22:50:16","2026-02-21 23:49:23"
1392,research-publications,研究出版,"2025-12-27 20:32:17","2026-04-19 20:33:15"
1378,%e5%9c%96%e8%a7%a3%e6%87%b6%e4%ba%ba%e5%8c%85,圖解懶人包,"2025-12-27 20:30:30","2026-02-23 23:44:47"
1379,download-zone,下載專區,"2025-12-27 20:30:30","2026-04-19 20:33:26"
1380,dignity-farming-initiative,尊嚴農業倡議,"2025-12-27 20:30:30","2026-04-19 20:33:12"
1328,healthgood,健康促進,"2025-12-27 20:23:43","2026-04-19 20:33:08"
1329,occupational-safety,職業安全,"2025-12-27 20:23:43","2026-04-19 20:33:07"
1330,economic-insurance,經濟與保險,"2025-12-27 20:23:43","2026-04-19 20:33:09"
1331,research-results,研究成果,"2025-12-27 20:23:43","2026-04-19 20:33:14"
1332,related-resources,相關資源,"2025-12-27 20:23:43","2026-04-19 20:33:17"
1333,subpage-heat,熱危害預防,"2025-12-27 20:23:43","2026-04-19 20:33:29"
1334,subpage-msd,骨骼肌肉保健,"2025-12-27 20:23:43","2026-04-19 20:33:31"
1335,subpage-pesticide,農藥安全,"2025-12-27 20:23:43","2026-04-19 20:33:32"
1336,subpage-mental,心靈紓壓,"2025-12-27 20:23:43","2026-04-19 20:33:34"
1337,personal-protective-equipment,個人防護具(PPE),"2025-12-27 20:23:43","2026-04-19 20:33:35"
1338,labor-saving-machinery,省力農機具,"2025-12-27 20:23:43","2026-04-19 20:33:36"
1339,greenhouse-zone,溫室專區,"2025-12-27 20:23:43","2026-04-19 20:33:38"
1340,occupational-accident-insurance,職業災害保險,"2025-12-27 20:23:43","2026-04-19 20:33:39"
1341,crop-insurance,農作物保險,"2025-12-27 20:23:43","2026-04-19 20:33:41"
1342,agricultural-subsidy-resources,農業補助資源,"2025-12-27 20:23:43","2026-04-19 20:33:42"
1343,podcast,"Podcast 聽見田裡的聲音","2025-12-27 20:23:43","2026-04-19 20:33:28"
1156,thenews,最新消息,"2025-12-25 15:05:08","2026-04-19 20:33:18"
925,contact,聯繫我們,"2025-12-24 20:55:43","2026-02-19 16:25:05"
927,day,行事曆,"2025-12-24 20:55:43","2025-12-28 16:34:06"
